{
  "instance_id": "ExampleLarge_n200_L3_seed22260128",
  "n_tasks": 200,
  "L": 3,
  "tasks": {
    "1": [
      17.484804972192116,
      -11.000853369675543
    ],
    "2": [
      58.695176854491585,
      -11.601203733436307
    ],
    "3": [
      -42.85529216568148,
      37.063824464886196
    ],
    "4": [
      28.902290790962766,
      33.785013981006976
    ],
    "5": [
      -67.45729778287487,
      9.869635352900481
    ],
    "6": [
      11.258897875952899,
      -24.20917579823459
    ],
    "7": [
      -6.606667931730303,
      -3.7513825015950992
    ],
    "8": [
      -33.57481214324544,
      -41.66399283253243
    ],
    "9": [
      -38.113298126018584,
      -54.02105879606201
    ],
    "10": [
      -41.221225148484166,
      -42.862945480767024
    ],
    "11": [
      -29.84900135816642,
      -38.92106207462558
    ],
    "12": [
      -23.760598032210837,
      20.58768010376611
    ],
    "13": [
      -49.7238822297419,
      32.178226368142404
    ],
    "14": [
      22.603334444521593,
      -9.234130222851643
    ],
    "15": [
      1.5301201208392499,
      19.74527620494474
    ],
    "16": [
      52.900113180392566,
      25.859666674858488
    ],
    "17": [
      45.74641869507884,
      42.81290117343768
    ],
    "18": [
      36.37172834306038,
      20.936819957073713
    ],
    "19": [
      -6.133253128021488,
      -38.791545289479004
    ],
    "20": [
      -62.48941418090444,
      20.936202340736315
    ],
    "21": [
      -46.36036001324664,
      -39.20091398561448
    ],
    "22": [
      -7.8283094714517425,
      60.87994028995326
    ],
    "23": [
      7.820395697459347,
      -21.268080939804044
    ],
    "24": [
      11.183506916978498,
      -22.119605315884442
    ],
    "25": [
      21.179465868028934,
      4.872136603701459
    ],
    "26": [
      4.136219119820755,
      12.164497683014456
    ],
    "27": [
      -49.04078274681123,
      -20.660533927346282
    ],
    "28": [
      25.248932768960408,
      23.57627001933091
    ],
    "29": [
      -10.082188515325143,
      -24.26541255242953
    ],
    "30": [
      -14.562600109587697,
      1.4426030663173735
    ],
    "31": [
      -51.49610387400985,
      -9.636558889141513
    ],
    "32": [
      17.548053094684644,
      30.247325509732864
    ],
    "33": [
      9.426008774591445,
      -68.51560645468936
    ],
    "34": [
      31.281857820837168,
      14.724107029761138
    ],
    "35": [
      -32.47817628684025,
      62.49851139826674
    ],
    "36": [
      25.85526427989675,
      -34.184341965389365
    ],
    "37": [
      -32.890853948200125,
      -48.94945328318554
    ],
    "38": [
      5.213822044279381,
      39.69653347610193
    ],
    "39": [
      30.358246584696857,
      46.14157173032505
    ],
    "40": [
      29.764114136721176,
      -57.56570010058145
    ],
    "41": [
      17.73679638639843,
      13.624329096861253
    ],
    "42": [
      -10.279347617203014,
      -55.050714389319786
    ],
    "43": [
      55.669004219989276,
      -33.22840873797264
    ],
    "44": [
      -37.99350741283066,
      -70.38390786892973
    ],
    "45": [
      41.88717887859243,
      -12.675055580809783
    ],
    "46": [
      50.54164518214276,
      29.158218562500867
    ],
    "47": [
      -10.740715464860182,
      -8.1027651281879
    ],
    "48": [
      35.538287850131894,
      -4.8043691232554835
    ],
    "49": [
      -49.2363824152407,
      55.746340137263395
    ],
    "50": [
      -6.595249718207345,
      -2.5843087439066075
    ],
    "51": [
      20.27563459329663,
      -59.93259255415289
    ],
    "52": [
      -7.01955501497107,
      26.456218049034877
    ],
    "53": [
      -21.8344908771946,
      -49.32446899323255
    ],
    "54": [
      -13.199140283852095,
      7.631494803954045
    ],
    "55": [
      -27.999795701470845,
      2.6203779215851277
    ],
    "56": [
      25.983904982212454,
      15.25328792930976
    ],
    "57": [
      23.953636269517368,
      -14.024652859937568
    ],
    "58": [
      -37.391952537376326,
      -52.601309852778954
    ],
    "59": [
      26.047351087610863,
      -28.153047356509973
    ],
    "60": [
      -19.678144803256316,
      24.98591488383669
    ],
    "61": [
      15.962992609531376,
      -9.284912677562488
    ],
    "62": [
      4.6093533512840175,
      7.645357441457295
    ],
    "63": [
      50.851546444290484,
      45.470174819956604
    ],
    "64": [
      31.984129257309615,
      58.86745788062683
    ],
    "65": [
      4.394489770043198,
      -20.607574700064323
    ],
    "66": [
      -31.911609750938535,
      -44.49105907961488
    ],
    "67": [
      -41.21036079874855,
      31.547201720549417
    ],
    "68": [
      41.94801454750944,
      -11.98113217006054
    ],
    "69": [
      36.185765341509764,
      26.427024533374833
    ],
    "70": [
      4.840617617370938,
      5.328562179379645
    ],
    "71": [
      -36.43947344937889,
      -51.56530350979316
    ],
    "72": [
      -3.6108871129456235,
      -4.623738635414951
    ],
    "73": [
      -80.0,
      29.795053961276103
    ],
    "74": [
      26.504800232288506,
      -17.90467333100906
    ],
    "75": [
      -0.36461190986136316,
      17.665392587563534
    ],
    "76": [
      -3.0204220771290182,
      22.538026045493993
    ],
    "77": [
      -28.433471192840464,
      17.469398526020317
    ],
    "78": [
      -50.98788080203906,
      -40.60840202135325
    ],
    "79": [
      -4.533506939773112,
      -42.94986465304035
    ],
    "80": [
      -1.5274457460998874,
      9.707229885645976
    ],
    "81": [
      50.78658613881763,
      5.327241703381947
    ],
    "82": [
      -21.262257899941098,
      -59.962958033471004
    ],
    "83": [
      14.811911430688506,
      16.89604922935915
    ],
    "84": [
      24.831398181208797,
      -12.492457601112745
    ],
    "85": [
      25.096653705989358,
      -26.352910068927677
    ],
    "86": [
      50.563472707288476,
      -8.148576405514628
    ],
    "87": [
      -37.30233343582183,
      31.395325101664266
    ],
    "88": [
      -16.90456131110183,
      -16.323500883547457
    ],
    "89": [
      42.775110614997274,
      48.77590108751137
    ],
    "90": [
      15.380114357256101,
      16.972873109828342
    ],
    "91": [
      12.164557467620352,
      16.21023739459897
    ],
    "92": [
      45.94081427050137,
      28.498812205850623
    ],
    "93": [
      -3.5341393026841708,
      8.748365454343148
    ],
    "94": [
      6.364613303173776,
      20.33243606563677
    ],
    "95": [
      28.302203923050133,
      -1.5163549117935577
    ],
    "96": [
      8.311617135282644,
      -4.699705013465089
    ],
    "97": [
      -42.445508926331605,
      10.579764451854155
    ],
    "98": [
      -5.394060867962555,
      42.48779620276011
    ],
    "99": [
      -3.082593565997906,
      -21.863831104970803
    ],
    "100": [
      -38.23677899334555,
      28.15019948533931
    ],
    "101": [
      28.346915456390345,
      -19.27479788870819
    ],
    "102": [
      38.91524299083955,
      32.04152746802983
    ],
    "103": [
      8.188525943347503,
      -19.102504409217545
    ],
    "104": [
      10.720765902730207,
      7.628830335806423
    ],
    "105": [
      23.42716550040599,
      52.21616993508931
    ],
    "106": [
      -46.30692834343307,
      -29.82728175952154
    ],
    "107": [
      23.713732307922687,
      -38.300930157862986
    ],
    "108": [
      -44.5526775323757,
      -32.97838158430996
    ],
    "109": [
      38.194794319209095,
      -2.7040602904993705
    ],
    "110": [
      49.0216306633517,
      30.694493543337096
    ],
    "111": [
      -35.38941811965939,
      -11.39528749329912
    ],
    "112": [
      -31.543385898167067,
      36.9658925034006
    ],
    "113": [
      18.084842474546406,
      10.056257372304788
    ],