{
  "instances": [
    {
      "instance_id": "Example_6_40_1",
      "name": "Example_6_40_1",
      "n_tasks": 40,
      "n": 40,
      "L": 3,
      "port_start": [
        0.0,
        0.0
      ],
      "port_end": [
        0.0,
        0.0
      ],
      "tasks": {
        "0": [
          0.0,
          0.0
        ],
        "1": [
          21.1482,
          9.20771
        ],
        "2": [
          14.8602,
          -49.3826
        ],
        "3": [
          48.6028,
          -73.4402
        ],
        "4": [
          88.0639,
          68.4788
        ],
        "5": [
          54.9034,
          0.343537
        ],
        "6": [
          74.427,
          3.39288
        ],
        "7": [
          87.142,
          -83.7965
        ],
        "8": [
          94.8647,
          52.7494
        ],
        "9": [
          74.929,
          -29.7241
        ],
        "10": [
          54.8664,
          -24.4225
        ],
        "11": [
          40.1714,
          3.58045
        ],
        "12": [
          45.3466,
          -56.0851
        ],
        "13": [
          41.5316,
          -85.1857
        ],
        "14": [
          36.1696,
          99.122
        ],
        "15": [
          95.361,
          -80.4746
        ],
        "16": [
          54.2294,
          -62.9969
        ],
        "17": [
          19.1563,
          30.7374
        ],
        "18": [
          89.2167,
          -26.5103
        ],
        "19": [
          86.5081,
          -60.5592
        ],
        "20": [
          79.0979,
          44.2235
        ],
        "21": [
          84.8583,
          -9.2973
        ],
        "22": [
          94.2059,
          44.8024
        ],
        "23": [
          75.4282,
          -88.8843
        ],
        "24": [
          83.6944,
          -90.0
        ],
        "25": [
          20.1468,
          -64.6653
        ],
        "26": [
          18.146,
          -36.07
        ],
        "27": [
          40.3684,
          -76.0897
        ],
        "28": [
          43.0904,
          94.804
        ],
        "29": [
          70.7355,
          -48.9009
        ],
        "30": [
          35.3147,
          -38.4082
        ],
        "31": [
          15.5509,
          77.0908
        ],
        "32": [
          95.0918,
          -20.1675
        ],
        "33": [
          58.5595,
          -87.9384
        ],
        "34": [
          38.6637,
          -68.0564
        ],
        "35": [
          37.5068,
          65.5047
        ],
        "36": [
          84.7412,
          -51.7663
        ],
        "37": [
          45.0475,
          10.0963
        ],
        "38": [
          78.2406,
          30.9449
        ],
        "39": [
          72.3017,
          -83.1021
        ],
        "40": [
          43.2342,
          86.9986
        ]
      },
      "params": {
        "vv": 20.0,
        "cv": 85.0,
        "vd": 90.0,
        "cd": 5.0,
        "R": 100.0
      }
    }
  ]
}