{
  "instances": [
    {
      "instance_id": "Example_6_15_1",
      "n_tasks": 14,
      "L": 3,
      "port_start": [
        0.0,
        0.0
      ],
      "port_end": [
        0.0,
        0.0
      ],
      "tasks": {
        "0": [0.0, 0.0],
        "1": [21.1482, 9.20771],
        "2": [14.8602, -49.3826],
        "3": [48.6028, -73.4402],
        "4": [88.0639, 68.4788],
        "5": [54.9034, 0.343537],
        "6": [74.427, 3.39288],
        "7": [87.142, -83.7965],
        "8": [94.8647, 52.7494],
        "9": [74.929, -29.7241],
        "10": [54.8664, -24.4225],
        "11": [40.1714, 3.58045],
        "12": [45.3466, -56.0851],
        "13": [41.5316, -85.1857],
        "14": [36.1696, 99.122]
      },
      "params": {
        "vv": 20.0,
        "cv": 85.0,
        "vd": 90.0,
        "cd": 5.0,
        "R": 5.0
      }
    }
  ]
}