{
  "instance_id": "hornsrev1_public_n24_L3_scaled",
  "name": "hornsrev1_public_n24_L3_scaled",
  "n_tasks": 24,
  "n": 24,
  "L": 3,
  "layout_id": "HornsRev1",
  "layout_variant": "first_24_turbines_affine_scaled",
  "layout_source": "public_zenodo",
  "subset_rule": "first_24_turbine_rows_after_substation",
  "perturbation_rule": "none",
  "coordinate_transform": "substation-centered affine scaling to 100-unit span",
  "port_start": [
    0.0,
    0.0
  ],
  "port_end": [
    0.0,
    0.0
  ],
  "tasks": {
    "0": [
      0.0,
      0.0
    ],
    "1": [
      -119.60685867499139,
      -17.519188082624723
    ],
    "2": [
      -117.85240034728065,
      -31.86334847563225
    ],
    "3": [
      -116.1096918494617,
      -46.11144420760106
    ],
    "4": [
      -114.36617371041157,
      -60.36615943203495
    ],
    "5": [
      -112.61718547703133,
      -74.66559724075441
    ],
    "6": [
      -110.87913743231167,
      -88.87558988090024
    ],
    "7": [
      -109.13014919893111,
      -103.17502768962221
    ],
    "8": [
      -107.37569087122098,
      -117.51918808262472
    ],
    "9": [
      -105.28383023113754,
      -17.559521550082902
    ],
    "10": [
      -103.51770458857867,
      -31.86363288855222
    ],
    "11": [
      -101.75792411974015,
      -46.11635373182071
    ],
    "12": [
      -99.99814365090195,
      -60.36907457508673
    ],
    "13": [
      -98.23284284550428,
      -74.66650543607157
    ],
    "14": [
      -96.47388721382663,
      -88.91254580185834
    ],
    "15": [
      -94.7030660718694,
      -103.25468668056259
    ],
    "16": [
      -92.94246076586973,
      -117.51408800131534
    ],
    "17": [
      -90.90568879031062,
      -17.55444093473219
    ],
    "18": [
      -89.14038798491292,
      -31.85187179571729
    ],
    "19": [
      -87.37978267891323,
      -46.11127311647007
    ],
    "20": [
      -85.61448187351587,
      -60.4087039774524
    ],
    "21": [
      -83.86022174123653,
      -74.61671480300453
    ],
    "22": [
      -82.089400599279,
      -88.9588556817113
    ],
    "23": [
      -80.32962013044079,
      -103.21157652497727
    ],
    "24": [
      -78.56431932504282,
      -117.50900738596465
    ]
  },
  "params": {
    "vv": 20.0,
    "cv": 85.0,
    "vd": 90.0,
    "cd": 5.0,
    "R": 10.0
  }
}