subexp,config,n_tasks,count,mean_obj,mean_time,std_obj,std_time,mean_mc_infeasible_rate,std_mc_infeasible_rate,mean_cert_gap,std_cert_gap,mean_heur_gap_to_lb,std_heur_gap_to_lb
fair,fair_budget_hybrid,40,15,77995.12409836524,55.756731866688156,4809.008122306543,1.852324419121204,nan,nan,nan,nan,nan,nan
fair,fair_budget_palns,40,15,80639.95245494031,31.670490340011504,5412.063242099972,1.4624298999171892,nan,nan,nan,nan,nan,nan
mc,mc_dro,40,15,79079.69876869077,56.36012448666928,5297.687104124928,1.93611864546566,0.0,0.0,nan,nan,nan,nan
mc,mc_nominal,40,15,60301.34962945817,55.331119353339695,4660.646413673576,1.761663395229685,0.5416333333333333,0.3598938022373946,nan,nan,nan,nan
