subexp,config,n_tasks,count,mean_obj,mean_time,std_obj,std_time,mean_mc_infeasible_rate,std_mc_infeasible_rate,mean_cert_gap,std_cert_gap,mean_heur_gap_to_lb,std_heur_gap_to_lb
fair,fair_budget_hybrid,40,15,77970.37725637731,55.95556092666617,4788.201555538784,1.875254721282677,nan,nan,nan,nan,nan,nan
fair,fair_budget_palns,40,15,80639.95245494031,31.625929533348728,5412.063242099972,1.59995836255314,nan,nan,nan,nan,nan,nan
mc,mc_dro,40,15,79079.69874445006,56.41344897332601,5297.687154893504,1.9548147668126956,0.0,0.0,nan,nan,nan,nan
mc,mc_nominal,40,15,60298.93303346211,55.408366000000385,4659.789713340595,1.8222899745398045,0.4735,0.370556518406212,nan,nan,nan,nan
